tidal:kohar@royalmail.top:kohar@royalmail.top,tidal:rafutes@mrmail.info:rafutes@mrmail.info,tidal:movax@royalmail.top:movax@royalmail.top,tidal:bifayaban@mrmail.info:bifayaban@mrmail.info,tidal:rezudak@mail-finder.net:rezudak@mail-finder.net,tidal:weno@first-mail.info:weno@first-mail.info,tidal:cusohuti@key-mail.net:cusohuti@key-mail.net,tidal:leja@royalhost.info:leja@royalhost.info,tidal:vokiso@royal-soft.net:vokiso@royal-soft.net,tidal:luhus@directmail.top:luhus@directmail.top,tidal:vaxovof@quick-mail.club:vaxovof@quick-mail.club,tidal:boloziludu@royalmail.top:boloziludu@royalmail.top,tidal:sasu@mrmail.info:sasu@mrmail.info,tidal:topuhoya@cyber-host.net:topuhoya@cyber-host.net,tidal:navisecaxi@email-list.online:navisecaxi@email-list.online,tidal:zupunijuk@cyber-host.net:zupunijuk@cyber-host.net,tidal:yavukiyo@dc-business.com:yavukiyo@dc-business.com,tidal:mewo@simpleemail.info:mewo@simpleemail.info,tidal:hehexodi@business-agent.info:hehexodi@business-agent.info,tidal:tetayah@business-agent.info:tetayah@business-agent.info,tidal:fexakego@dc-business.com:fexakego@dc-business.com,tidal:xevuwoteha@hostguru.info:xevuwoteha@hostguru.info,tidal:conaj@webgmail.info:conaj@webgmail.info,tidal:wojamo@dc-business.com:wojamo@dc-business.com,tidal:tepezik@cyber-host.net:tepezik@cyber-host.net